start_lines_lat,start_lines_lng,end_lines_lat,end_lines_lng,eff_start_lat,eff_start_lng,eff_end_lat,eff_end_lng,Express Lane Name,
39.974969,-105.209668,39.967102,-105.189715,39.977153,-105.214384,39.965477,-105.185505,Overlook,
39.963792,-105.181201,39.946723,-105.148732,39.964858,-105.183874,39.944190,-105.144849,McCaslin,
39.941911,-105.141316,39.925987,-105.113144,39.945302,-105.146548,39.923863,-105.110183,Interlocken,
39.921738,-105.105969,39.90502,-105.084096,39.924461,-105.111094,39.9017241,-105.081794,Wadsworth,
39.89772,-105.079162,39.88132,-105.067661,39.90309,-105.082747,39.877762,-105.064976,Promenade,
39.874191,-105.06241,39.849268,-105.047008,39.879391,-105.066250,39.846272,-105.044005,Sheridan,
39.842811,-105.040413,39.834807,-105.02056,39.847548,-105.045290,39.834042,-105.017887,Lowell,