start_lines_lat,start_lines_lng,end_lines_lat,end_lines_lng,eff_start_lat,eff_start_lng,eff_end_lat,eff_end_lng,Express Lane Name,
39.835657,-105.022941,39.842883,-105.040233,39.834318,-105.0182799,39.846216,-105.0437410,Lowell,
39.849372,-105.046860,39.871766,-105.060428,39.844907,-105.042262,39.875629,-105.063126,Sheridan,
39.878971,-105.065705,39.895778,-105.077872,39.873729,-105.061748,39.899410,-105.080113,Promenade,
39.903146,-105.082553,39.919779,-105.101307,39.897967,-105.079117,39.921868,-105.105765,Wadsworth,
39.924028,-105.110172,39.946555,-105.148175,39.920934,-105.103890,39.948106,-105.150463,Interlocken,
39.949538,-105.152622,39.963979,-105.181255,39.948091,-105.150375,39.965767,-105.185729,McCaslin,
39.967564,-105.190471,39.977394,-105.214607,39.964953,-105.183868,39.978603,-105.217180,Overlook,